2020-10-11,2.0,Mock Connection - adcolony.com,Brazil,7.99,1915.0
2020-10-11,2.0,Mock Connection - adcolony.com,Canada,19.19,6000.0
2020-10-11,2.0,Mock Connection - adcolony.com,Denmark,26.18,4310.0
2020-10-11,2.0,Mock Connection - adcolony.com,Germany,18.84,1072.0
2020-10-11,2.0,Mock Connection - adcolony.com,Japan,43.0,3431.0
2020-10-11,2.0,Mock Connection - adcolony.com,United States,12.26,561.0
2020-10-11,Judy Tetris,Mock Connection - chartboost.com,Brazil,3.6399999999999997,245.0
2020-10-11,Judy Tetris,Mock Connection - chartboost.com,Canada,0.32,111.0
2020-10-11,Judy Tetris,Mock Connection - chartboost.com,Denmark,4.23,1945.0
2020-10-11,Judy Tetris,Mock Connection - chartboost.com,Germany,5.73,92.0
2020-10-11,Judy Tetris,Mock Connection - chartboost.com,Japan,23.04,3961.0
2020-10-11,Judy Tetris,Mock Connection - chartboost.com,United States,9.47,1919.0
2020-10-11,Luciano Tetris,Mock Connection - adcolony.com,Brazil,7.0200000000000005,526.0
2020-10-11,Luciano Tetris,Mock Connection - adcolony.com,Canada,3.2199999999999998,1152.0
2020-10-11,Luciano Tetris,Mock Connection - adcolony.com,Denmark,16.189999999999998,1483.0
2020-10-11,Luciano Tetris,Mock Connection - adcolony.com,Germany,17.32,2491.0
2020-10-11,Luciano Tetris,Mock Connection - adcolony.com,Japan,22.779999999999998,1810.0
2020-10-11,Luciano Tetris,Mock Connection - adcolony.com,United States,5.5,910.0
2020-10-11,Masako Tetris,Mock Connection - mopub.com,Brazil,2.97,1902.0
2020-10-11,Masako Tetris,Mock Connection - mopub.com,Canada,34.66,2863.0
2020-10-11,Masako Tetris,Mock Connection - mopub.com,Denmark,4.14,713.0
2020-10-11,Masako Tetris,Mock Connection - mopub.com,Germany,6.800000000000001,1603.0
2020-10-11,Masako Tetris,Mock Connection - mopub.com,United States,6.96,737.0
2020-10-11,Michael Tetris,Mock Connection - facebook.com,Brazil,17.84,7157.0
2020-10-11,Michael Tetris,Mock Connection - facebook.com,Canada,17.72,2710.0
2020-10-11,Michael Tetris,Mock Connection - facebook.com,Denmark,17.339999999999996,3452.0
2020-10-11,Michael Tetris,Mock Connection - facebook.com,Germany,61.8,6692.0
2020-10-11,Michael Tetris,Mock Connection - facebook.com,Japan,26.389999999999997,6472.0
2020-10-11,Michael Tetris,Mock Connection - facebook.com,United States,21.119999999999997,4096.0
2020-10-11,Monte Tetris,Mock Connection - vungle.com,Brazil,27.299999999999997,2571.0
2020-10-11,Monte Tetris,Mock Connection - vungle.com,Canada,22.47,1283.0
2020-10-11,Monte Tetris,Mock Connection - vungle.com,Denmark,19.22,3793.0
2020-10-11,Monte Tetris,Mock Connection - vungle.com,Germany,9.92,3382.0
2020-10-11,Monte Tetris,Mock Connection - vungle.com,Japan,10.47,2539.0
2020-10-11,Monte Tetris,Mock Connection - vungle.com,United States,29.86,7135.0
2020-10-11,Pong,Mock Connection - adcolony.com,Brazil,12.24,3937.0
2020-10-11,Pong,Mock Connection - adcolony.com,Canada,15.92,4527.0
2020-10-11,Pong,Mock Connection - adcolony.com,Denmark,18.12,3215.0
2020-10-11,Pong,Mock Connection - adcolony.com,Germany,12.059999999999999,1796.0
2020-10-11,Pong,Mock Connection - adcolony.com,Japan,23.13,3142.0
2020-10-11,Pong,Mock Connection - adcolony.com,United States,36.14,2390.0
2020-10-11,Pong,Mock Connection - applovin.com,Brazil,6.93,2896.0
2020-10-11,Pong,Mock Connection - applovin.com,Canada,36.86,4666.0
2020-10-11,Pong,Mock Connection - applovin.com,Denmark,34.96,7700.0
2020-10-11,Pong,Mock Connection - applovin.com,Germany,50.43000000000001,9624.0
2020-10-11,Pong,Mock Connection - applovin.com,Japan,84.83,8282.0
2020-10-11,Pong,Mock Connection - applovin.com,United States,22.02,7497.0
2020-10-11,Pong,Mock Connection - chartboost.com,Brazil,18.82,6185.0
2020-10-11,Pong,Mock Connection - chartboost.com,Canada,38.849999999999994,6619.0
2020-10-11,Pong,Mock Connection - chartboost.com,Denmark,48.84,11710.0
2020-10-11,Pong,Mock Connection - chartboost.com,Germany,21.900000000000002,7091.0
2020-10-11,Pong,Mock Connection - chartboost.com,Japan,34.7,1854.0
2020-10-11,Pong,Mock Connection - chartboost.com,United States,18.41,2783.0
2020-10-11,Pong,Mock Connection - facebook.com,Brazil,16.21,5897.0
2020-10-11,Pong,Mock Connection - facebook.com,Canada,8.16,5944.0
2020-10-11,Pong,Mock Connection - facebook.com,Denmark,5.74,2483.0
2020-10-11,Pong,Mock Connection - facebook.com,Germany,3.29,1323.0
2020-10-11,Pong,Mock Connection - facebook.com,Japan,0.26,505.0
2020-10-11,Pong,Mock Connection - facebook.com,United States,7.61,2611.0
2020-10-11,Pong,Mock Connection - flurry.com,Brazil,35.64,5705.0
2020-10-11,Pong,Mock Connection - flurry.com,Canada,47.81999999999999,10892.0
2020-10-11,Pong,Mock Connection - flurry.com,Denmark,46.129999999999995,6486.0
2020-10-11,Pong,Mock Connection - flurry.com,Germany,50.160000000000004,5891.0
2020-10-11,Pong,Mock Connection - flurry.com,Japan,55.78,6553.0
2020-10-11,Pong,Mock Connection - flurry.com,United States,21.33,6579.0
2020-10-11,Pong,Mock Connection - inmobi.com,Brazil,78.72,8895.0
2020-10-11,Pong,Mock Connection - inmobi.com,Canada,89.19999999999999,14081.0
2020-10-11,Pong,Mock Connection - inmobi.com,Denmark,97.27000000000001,19874.0
2020-10-11,Pong,Mock Connection - inmobi.com,Germany,68.81,13873.0
2020-10-11,Pong,Mock Connection - inmobi.com,Japan,101.1,15116.0
2020-10-11,Pong,Mock Connection - inmobi.com,United States,111.97,12536.0
2020-10-11,Pong,Mock Connection - mopub.com,Brazil,38.91,3905.0
2020-10-11,Pong,Mock Connection - mopub.com,Canada,24.799999999999997,5870.0
2020-10-11,Pong,Mock Connection - mopub.com,Denmark,25.189999999999998,5161.0
2020-10-11,Pong,Mock Connection - mopub.com,Germany,11.319999999999999,1357.0
2020-10-11,Pong,Mock Connection - mopub.com,Japan,51.24,6905.0
2020-10-11,Pong,Mock Connection - mopub.com,United States,32.56,6057.0
2020-10-11,Pong,Mock Connection - vungle.com,Brazil,29.83,5976.0
2020-10-11,Pong,Mock Connection - vungle.com,Canada,72.89999999999999,14017.0
2020-10-11,Pong,Mock Connection - vungle.com,Denmark,63.86,11192.0
2020-10-11,Pong,Mock Connection - vungle.com,Germany,118.78999999999999,14142.0
2020-10-11,Pong,Mock Connection - vungle.com,Japan,73.41,20363.0
2020-10-11,Pong,Mock Connection - vungle.com,United States,39.629999999999995,6936.0
2020-10-11,Randy,Mock Connection - inmobi.com,Brazil,12.6,3329.0
2020-10-11,Randy,Mock Connection - inmobi.com,Canada,37.68,3909.0
2020-10-11,Randy,Mock Connection - inmobi.com,Denmark,18.13,4231.0
2020-10-11,Randy,Mock Connection - inmobi.com,Germany,36.64,4198.0
2020-10-11,Randy,Mock Connection - inmobi.com,Japan,19.59,1969.0
2020-10-11,Randy,Mock Connection - inmobi.com,United States,22.62,4079.0
2020-10-11,Snake,Mock Connection - adcolony.com,Brazil,3.79,1128.0
2020-10-11,Snake,Mock Connection - adcolony.com,Germany,6.29,124.0
2020-10-11,Snake,Mock Connection - adcolony.com,Japan,8.77,1234.0
2020-10-11,Snake,Mock Connection - applovin.com,Brazil,33.89,3244.0
2020-10-11,Snake,Mock Connection - applovin.com,Canada,69.11,15557.0
2020-10-11,Snake,Mock Connection - applovin.com,Denmark,72.10000000000001,8959.0
2020-10-11,Snake,Mock Connection - applovin.com,Germany,74.0,8421.0
2020-10-11,Snake,Mock Connection - applovin.com,Japan,51.489999999999995,13735.0
2020-10-11,Snake,Mock Connection - applovin.com,United States,30.28,4903.0
2020-10-11,Snake,Mock Connection - chartboost.com,Brazil,15.02,5234.0
2020-10-11,Snake,Mock Connection - chartboost.com,Canada,43.06,8382.0
2020-10-11,Snake,Mock Connection - chartboost.com,Denmark,20.819999999999997,5621.0
2020-10-11,Snake,Mock Connection - chartboost.com,Germany,41.199999999999996,8652.0
2020-10-11,Snake,Mock Connection - chartboost.com,Japan,68.24,8646.0
2020-10-11,Snake,Mock Connection - chartboost.com,United States,59.49,6948.0
2020-10-11,Snake,Mock Connection - facebook.com,Brazil,5.0600000000000005,1542.0
2020-10-11,Snake,Mock Connection - facebook.com,Canada,4.109999999999999,422.0
2020-10-11,Snake,Mock Connection - facebook.com,Denmark,46.83,2293.0
2020-10-11,Snake,Mock Connection - facebook.com,Germany,11.35,2315.0
2020-10-11,Snake,Mock Connection - facebook.com,Japan,24.97,12290.0
2020-10-11,Snake,Mock Connection - facebook.com,United States,16.37,5953.0
2020-10-11,Snake,Mock Connection - flurry.com,Brazil,29.58,5569.0
2020-10-11,Snake,Mock Connection - flurry.com,Canada,98.05,14504.0
2020-10-11,Snake,Mock Connection - flurry.com,Denmark,45.58,4018.0
2020-10-11,Snake,Mock Connection - flurry.com,Germany,63.59,7388.0
2020-10-11,Snake,Mock Connection - flurry.com,Japan,84.48,8490.0
2020-10-11,Snake,Mock Connection - flurry.com,United States,22.91,2521.0
2020-10-11,Snake,Mock Connection - inmobi.com,Brazil,64.50999999999999,15641.0
2020-10-11,Snake,Mock Connection - inmobi.com,Canada,93.91,17785.0
2020-10-11,Snake,Mock Connection - inmobi.com,Denmark,132.31,13255.0
2020-10-11,Snake,Mock Connection - inmobi.com,Germany,63.46,16086.0
2020-10-11,Snake,Mock Connection - inmobi.com,Japan,72.28,12746.0
2020-10-11,Snake,Mock Connection - inmobi.com,United States,43.21,7988.0
2020-10-11,Snake,Mock Connection - mopub.com,Brazil,15.3,3443.0
2020-10-11,Snake,Mock Connection - mopub.com,Canada,70.53,14050.0
2020-10-11,Snake,Mock Connection - mopub.com,Denmark,89.41999999999999,10097.0
2020-10-11,Snake,Mock Connection - mopub.com,Germany,6.96,4724.0
2020-10-11,Snake,Mock Connection - mopub.com,Japan,82.88,10547.0
2020-10-11,Snake,Mock Connection - mopub.com,United States,32.38,3873.0
2020-10-11,Snake,Mock Connection - vungle.com,Brazil,26.5,5004.0
2020-10-11,Snake,Mock Connection - vungle.com,Canada,41.0,11733.0
2020-10-11,Snake,Mock Connection - vungle.com,Denmark,78.75,14112.0
2020-10-11,Snake,Mock Connection - vungle.com,Germany,163.28,13970.0
2020-10-11,Snake,Mock Connection - vungle.com,Japan,44.36,12930.0
2020-10-11,Snake,Mock Connection - vungle.com,United States,41.41,11710.0
2020-10-11,Tetris,Mock Connection - adcolony.com,Germany,1.3900000000000001,2275.0
2020-10-11,Tetris,Mock Connection - adcolony.com,Japan,3.35,2063.0
2020-10-11,Tetris,Mock Connection - adcolony.com,United States,15.18,1431.0
2020-10-11,Tetris,Mock Connection - applovin.com,Brazil,27.47,4381.0
2020-10-11,Tetris,Mock Connection - applovin.com,Canada,41.629999999999995,6375.0
2020-10-11,Tetris,Mock Connection - applovin.com,Denmark,22.45,4050.0
2020-10-11,Tetris,Mock Connection - applovin.com,Germany,19.200000000000003,6728.0
2020-10-11,Tetris,Mock Connection - applovin.com,Japan,21.799999999999997,1834.0
2020-10-11,Tetris,Mock Connection - applovin.com,United States,26.799999999999997,2741.0
2020-10-11,Tetris,Mock Connection - chartboost.com,Brazil,5.7,2611.0
2020-10-11,Tetris,Mock Connection - chartboost.com,Canada,13.43,6414.0
2020-10-11,Tetris,Mock Connection - chartboost.com,Denmark,21.17,4481.0
2020-10-11,Tetris,Mock Connection - chartboost.com,Germany,7.13,1540.0
2020-10-11,Tetris,Mock Connection - chartboost.com,Japan,63.75,8981.0
2020-10-11,Tetris,Mock Connection - chartboost.com,United States,3.06,1439.0
2020-10-11,Tetris,Mock Connection - facebook.com,Brazil,23.479999999999997,1493.0
2020-10-11,Tetris,Mock Connection - facebook.com,Canada,8.2,3736.0
2020-10-11,Tetris,Mock Connection - facebook.com,Denmark,22.12,1822.0
2020-10-11,Tetris,Mock Connection - facebook.com,Germany,22.36,4893.0
2020-10-11,Tetris,Mock Connection - facebook.com,Japan,23.91,8408.0
2020-10-11,Tetris,Mock Connection - facebook.com,United States,7.87,2229.0
2020-10-11,Tetris,Mock Connection - flurry.com,Brazil,29.040000000000003,4791.0
2020-10-11,Tetris,Mock Connection - flurry.com,Canada,20.990000000000002,8105.0
2020-10-11,Tetris,Mock Connection - flurry.com,Denmark,19.78,3027.0
2020-10-11,Tetris,Mock Connection - flurry.com,Germany,41.61,8873.0
2020-10-11,Tetris,Mock Connection - flurry.com,Japan,15.030000000000001,3781.0
2020-10-11,Tetris,Mock Connection - flurry.com,United States,22.57,5176.0
2020-10-11,Tetris,Mock Connection - inmobi.com,Brazil,23.75,3897.0
2020-10-11,Tetris,Mock Connection - inmobi.com,Canada,59.73,11782.0
2020-10-11,Tetris,Mock Connection - inmobi.com,Denmark,71.05,5672.0
2020-10-11,Tetris,Mock Connection - inmobi.com,Germany,38.79,3477.0
2020-10-11,Tetris,Mock Connection - inmobi.com,Japan,42.31,9808.0
2020-10-11,Tetris,Mock Connection - inmobi.com,United States,51.46,6796.0
2020-10-11,Tetris,Mock Connection - mopub.com,Brazil,1.6,644.0
2020-10-11,Tetris,Mock Connection - mopub.com,Canada,8.25,4286.0
2020-10-11,Tetris,Mock Connection - mopub.com,Denmark,6.46,2967.0
2020-10-11,Tetris,Mock Connection - mopub.com,Germany,24.85,2370.0
2020-10-11,Tetris,Mock Connection - mopub.com,Japan,35.85,6475.0
2020-10-11,Tetris,Mock Connection - mopub.com,United States,13.95,2971.0
2020-10-11,Tetris,Mock Connection - vungle.com,Brazil,19.43,3950.0
2020-10-11,Tetris,Mock Connection - vungle.com,Canada,33.09,6368.0
2020-10-11,Tetris,Mock Connection - vungle.com,Denmark,16.95,4599.0
2020-10-11,Tetris,Mock Connection - vungle.com,Germany,27.4,5566.0
2020-10-11,Tetris,Mock Connection - vungle.com,Japan,26.09,5134.0
2020-10-11,Tetris,Mock Connection - vungle.com,United States,13.490000000000002,3383.0
2020-10-12,2.0,Mock Connection - adcolony.com,Brazil,4.41,995.0
2020-10-12,2.0,Mock Connection - adcolony.com,Canada,7.970000000000001,3249.0
2020-10-12,2.0,Mock Connection - adcolony.com,Denmark,4.77,3854.0
2020-10-12,2.0,Mock Connection - adcolony.com,Germany,16.59,2894.0
2020-10-12,2.0,Mock Connection - adcolony.com,Japan,5.0600000000000005,2986.0
2020-10-12,2.0,Mock Connection - adcolony.com,United States,16.61,2192.0
2020-10-12,Judy Tetris,Mock Connection - chartboost.com,Brazil,7.86,845.0
2020-10-12,Judy Tetris,Mock Connection - chartboost.com,Canada,15.3,3471.0
2020-10-12,Judy Tetris,Mock Connection - chartboost.com,Denmark,0.05,73.0
2020-10-12,Judy Tetris,Mock Connection - chartboost.com,Germany,6.8100000000000005,1451.0
2020-10-12,Judy Tetris,Mock Connection - chartboost.com,United States,1.45,238.0
2020-10-12,Luciano Tetris,Mock Connection - adcolony.com,Brazil,2.63,1324.0
2020-10-12,Luciano Tetris,Mock Connection - adcolony.com,Canada,27.419999999999998,2967.0
2020-10-12,Luciano Tetris,Mock Connection - adcolony.com,Denmark,12.59,1264.0
2020-10-12,Luciano Tetris,Mock Connection - adcolony.com,Germany,15.9,337.0
2020-10-12,Luciano Tetris,Mock Connection - adcolony.com,Japan,39.1,3117.0
2020-10-12,Luciano Tetris,Mock Connection - adcolony.com,United States,23.16,2379.0
2020-10-12,Masako Tetris,Mock Connection - mopub.com,Brazil,0.11,1545.0
2020-10-12,Masako Tetris,Mock Connection - mopub.com,Canada,13.62,2290.0
2020-10-12,Masako Tetris,Mock Connection - mopub.com,Denmark,13.48,464.0
2020-10-12,Masako Tetris,Mock Connection - mopub.com,Germany,1.09,2819.0
2020-10-12,Masako Tetris,Mock Connection - mopub.com,Japan,1.07,501.0
2020-10-12,Masako Tetris,Mock Connection - mopub.com,United States,13.34,2199.0
2020-10-12,Michael Tetris,Mock Connection - facebook.com,Brazil,12.79,4219.0
2020-10-12,Michael Tetris,Mock Connection - facebook.com,Canada,22.74,3488.0
2020-10-12,Michael Tetris,Mock Connection - facebook.com,Denmark,25.599999999999998,1749.0
2020-10-12,Michael Tetris,Mock Connection - facebook.com,Germany,13.07,1854.0
2020-10-12,Michael Tetris,Mock Connection - facebook.com,Japan,1.73,1749.0
2020-10-12,Michael Tetris,Mock Connection - facebook.com,United States,26.8,2473.0
2020-10-12,Monte Tetris,Mock Connection - vungle.com,Brazil,21.1,1135.0
2020-10-12,Monte Tetris,Mock Connection - vungle.com,Canada,48.46,7737.0
2020-10-12,Monte Tetris,Mock Connection - vungle.com,Denmark,39.82,2882.0
2020-10-12,Monte Tetris,Mock Connection - vungle.com,Germany,16.380000000000003,5089.0
2020-10-12,Monte Tetris,Mock Connection - vungle.com,Japan,56.06,4620.0
2020-10-12,Monte Tetris,Mock Connection - vungle.com,United States,5.77,3523.0
2020-10-12,Pong,Mock Connection - adcolony.com,Brazil,8.27,5040.0
2020-10-12,Pong,Mock Connection - adcolony.com,Canada,46.31999999999999,4314.0
2020-10-12,Pong,Mock Connection - adcolony.com,Denmark,20.47,4838.0
2020-10-12,Pong,Mock Connection - adcolony.com,Germany,15.490000000000002,1594.0
2020-10-12,Pong,Mock Connection - adcolony.com,Japan,17.04,2511.0
2020-10-12,Pong,Mock Connection - adcolony.com,United States,21.619999999999997,3083.0
2020-10-12,Pong,Mock Connection - applovin.com,Brazil,9.26,2165.0
2020-10-12,Pong,Mock Connection - applovin.com,Canada,15.0,8016.0
2020-10-12,Pong,Mock Connection - applovin.com,Denmark,28.549999999999997,8980.0
2020-10-12,Pong,Mock Connection - applovin.com,Germany,48.53,7627.0
2020-10-12,Pong,Mock Connection - applovin.com,Japan,32.76,6148.0
2020-10-12,Pong,Mock Connection - applovin.com,United States,25.35,3062.0
2020-10-12,Pong,Mock Connection - chartboost.com,Brazil,8.71,1658.0
2020-10-12,Pong,Mock Connection - chartboost.com,Canada,26.02,7033.0
2020-10-12,Pong,Mock Connection - chartboost.com,Denmark,33.49,6042.0
2020-10-12,Pong,Mock Connection - chartboost.com,Germany,11.45,4443.0
2020-10-12,Pong,Mock Connection - chartboost.com,Japan,15.01,5759.0
2020-10-12,Pong,Mock Connection - chartboost.com,United States,43.17,3461.0
2020-10-12,Pong,Mock Connection - facebook.com,Brazil,12.809999999999999,316.0
2020-10-12,Pong,Mock Connection - facebook.com,Canada,3.71,291.0
2020-10-12,Pong,Mock Connection - facebook.com,Denmark,24.09,2546.0
2020-10-12,Pong,Mock Connection - facebook.com,Germany,13.48,2307.0
2020-10-12,Pong,Mock Connection - facebook.com,Japan,5.75,796.0
2020-10-12,Pong,Mock Connection - facebook.com,United States,9.61,1309.0
2020-10-12,Pong,Mock Connection - flurry.com,Brazil,7.669999999999999,1208.0
2020-10-12,Pong,Mock Connection - flurry.com,Canada,44.09,2402.0
2020-10-12,Pong,Mock Connection - flurry.com,Denmark,39.75,3047.0
2020-10-12,Pong,Mock Connection - flurry.com,Germany,37.49,9505.0
2020-10-12,Pong,Mock Connection - flurry.com,Japan,30.03,3301.0
2020-10-12,Pong,Mock Connection - flurry.com,United States,22.779999999999998,4330.0
2020-10-12,Pong,Mock Connection - inmobi.com,Brazil,38.68,6376.0
2020-10-12,Pong,Mock Connection - inmobi.com,Canada,48.64,7204.0
2020-10-12,Pong,Mock Connection - inmobi.com,Denmark,31.6,7819.0
2020-10-12,Pong,Mock Connection - inmobi.com,Germany,55.800000000000004,11640.0
2020-10-12,Pong,Mock Connection - inmobi.com,Japan,69.53,16561.0
2020-10-12,Pong,Mock Connection - inmobi.com,United States,81.33,13263.0
2020-10-12,Pong,Mock Connection - mopub.com,Brazil,23.46,5848.0
2020-10-12,Pong,Mock Connection - mopub.com,Canada,59.33,7205.0
2020-10-12,Pong,Mock Connection - mopub.com,Denmark,9.030000000000001,4500.0
2020-10-12,Pong,Mock Connection - mopub.com,Germany,57.61,11690.0
2020-10-12,Pong,Mock Connection - mopub.com,Japan,136.51999999999998,15635.0
2020-10-12,Pong,Mock Connection - mopub.com,United States,37.35,3307.0
2020-10-12,Pong,Mock Connection - vungle.com,Brazil,45.41,8408.0
2020-10-12,Pong,Mock Connection - vungle.com,Canada,147.18,25195.0
2020-10-12,Pong,Mock Connection - vungle.com,Denmark,65.21000000000001,15998.0
2020-10-12,Pong,Mock Connection - vungle.com,Germany,112.89999999999999,13194.0
2020-10-12,Pong,Mock Connection - vungle.com,Japan,101.93,17940.0
2020-10-12,Pong,Mock Connection - vungle.com,United States,60.59,9297.0
2020-10-12,Randy,Mock Connection - inmobi.com,Brazil,2.39,379.0
2020-10-12,Randy,Mock Connection - inmobi.com,Canada,31.939999999999998,7106.0
2020-10-12,Randy,Mock Connection - inmobi.com,Denmark,26.13,3554.0
2020-10-12,Randy,Mock Connection - inmobi.com,Germany,47.07,2674.0
2020-10-12,Randy,Mock Connection - inmobi.com,Japan,23.79,8847.0
2020-10-12,Randy,Mock Connection - inmobi.com,United States,14.559999999999999,1796.0
2020-10-12,Snake,Mock Connection - adcolony.com,Canada,1.38,524.0
2020-10-12,Snake,Mock Connection - adcolony.com,Denmark,2.61,1285.0
2020-10-12,Snake,Mock Connection - adcolony.com,United States,4.8,653.0
2020-10-12,Snake,Mock Connection - applovin.com,Brazil,44.54,4520.0
2020-10-12,Snake,Mock Connection - applovin.com,Canada,14.19,4265.0
2020-10-12,Snake,Mock Connection - applovin.com,Denmark,23.83,9678.0
2020-10-12,Snake,Mock Connection - applovin.com,Germany,48.19,3872.0
2020-10-12,Snake,Mock Connection - applovin.com,Japan,41.769999999999996,6907.0
2020-10-12,Snake,Mock Connection - applovin.com,United States,57.06,7001.0
2020-10-12,Snake,Mock Connection - chartboost.com,Brazil,11.899999999999999,3694.0
2020-10-12,Snake,Mock Connection - chartboost.com,Canada,36.9,8584.0
2020-10-12,Snake,Mock Connection - chartboost.com,Denmark,12.43,5163.0
2020-10-12,Snake,Mock Connection - chartboost.com,Germany,31.480000000000004,9379.0
2020-10-12,Snake,Mock Connection - chartboost.com,Japan,33.61,6557.0
2020-10-12,Snake,Mock Connection - chartboost.com,United States,44.17,6658.0
2020-10-12,Snake,Mock Connection - facebook.com,Brazil,4.63,2198.0
2020-10-12,Snake,Mock Connection - facebook.com,Denmark,64.58,11042.0
2020-10-12,Snake,Mock Connection - facebook.com,Germany,29.35,6425.0
2020-10-12,Snake,Mock Connection - facebook.com,Japan,35.120000000000005,5195.0
2020-10-12,Snake,Mock Connection - facebook.com,United States,43.62,3167.0
2020-10-12,Snake,Mock Connection - flurry.com,Brazil,26.63,1578.0
2020-10-12,Snake,Mock Connection - flurry.com,Canada,6.1,5731.0
2020-10-12,Snake,Mock Connection - flurry.com,Denmark,70.69,3426.0
2020-10-12,Snake,Mock Connection - flurry.com,Germany,40.01,5246.0
2020-10-12,Snake,Mock Connection - flurry.com,Japan,41.76,6314.0
2020-10-12,Snake,Mock Connection - flurry.com,United States,31.91,6577.0
2020-10-12,Snake,Mock Connection - inmobi.com,Brazil,64.87,10504.0
2020-10-12,Snake,Mock Connection - inmobi.com,Canada,54.68,14798.0
2020-10-12,Snake,Mock Connection - inmobi.com,Denmark,121.12,14235.0
2020-10-12,Snake,Mock Connection - inmobi.com,Germany,114.73,15619.0
2020-10-12,Snake,Mock Connection - inmobi.com,Japan,162.6,18804.0
2020-10-12,Snake,Mock Connection - inmobi.com,United States,63.519999999999996,23573.0
2020-10-12,Snake,Mock Connection - mopub.com,Brazil,50.9,6923.0
2020-10-12,Snake,Mock Connection - mopub.com,Canada,39.39,6119.0
2020-10-12,Snake,Mock Connection - mopub.com,Denmark,32.91,6267.0
2020-10-12,Snake,Mock Connection - mopub.com,Germany,78.59,8841.0
2020-10-12,Snake,Mock Connection - mopub.com,Japan,62.34,16067.0
2020-10-12,Snake,Mock Connection - mopub.com,United States,43.23,6250.0
2020-10-12,Snake,Mock Connection - vungle.com,Brazil,57.7,12003.0
2020-10-12,Snake,Mock Connection - vungle.com,Canada,80.13999999999999,27775.0
2020-10-12,Snake,Mock Connection - vungle.com,Denmark,48.31,6855.0
2020-10-12,Snake,Mock Connection - vungle.com,Germany,79.18,8062.0
2020-10-12,Snake,Mock Connection - vungle.com,Japan,129.01,15564.0
2020-10-12,Snake,Mock Connection - vungle.com,United States,121.78,23742.0
2020-10-12,Tetris,Mock Connection - adcolony.com,Brazil,2.55,315.0
2020-10-12,Tetris,Mock Connection - adcolony.com,Canada,5.73,367.0
2020-10-12,Tetris,Mock Connection - adcolony.com,Germany,2.74,481.0
2020-10-12,Tetris,Mock Connection - adcolony.com,Japan,5.3999999999999995,1798.0
2020-10-12,Tetris,Mock Connection - adcolony.com,United States,3.22,443.0
2020-10-12,Tetris,Mock Connection - applovin.com,Brazil,12.100000000000001,4978.0
2020-10-12,Tetris,Mock Connection - applovin.com,Canada,11.43,1927.0
2020-10-12,Tetris,Mock Connection - applovin.com,Denmark,20.98,4547.0
2020-10-12,Tetris,Mock Connection - applovin.com,Germany,35.59,4535.0
2020-10-12,Tetris,Mock Connection - applovin.com,Japan,16.7,3192.0
2020-10-12,Tetris,Mock Connection - applovin.com,United States,12.97,3271.0
2020-10-12,Tetris,Mock Connection - chartboost.com,Brazil,8.74,992.0
2020-10-12,Tetris,Mock Connection - chartboost.com,Canada,23.439999999999998,4099.0
2020-10-12,Tetris,Mock Connection - chartboost.com,Denmark,7.44,2613.0
2020-10-12,Tetris,Mock Connection - chartboost.com,Germany,35.77,1183.0
2020-10-12,Tetris,Mock Connection - chartboost.com,Japan,36.72,2201.0
2020-10-12,Tetris,Mock Connection - chartboost.com,United States,4.41,2540.0
2020-10-12,Tetris,Mock Connection - facebook.com,Brazil,9.59,1001.0
2020-10-12,Tetris,Mock Connection - facebook.com,Canada,57.86,7337.0
2020-10-12,Tetris,Mock Connection - facebook.com,Denmark,9.0,675.0
2020-10-12,Tetris,Mock Connection - facebook.com,Germany,7.84,2631.0
2020-10-12,Tetris,Mock Connection - facebook.com,Japan,12.5,3164.0
2020-10-12,Tetris,Mock Connection - facebook.com,United States,11.65,849.0
2020-10-12,Tetris,Mock Connection - flurry.com,Brazil,7.5600000000000005,3870.0
2020-10-12,Tetris,Mock Connection - flurry.com,Canada,15.780000000000001,4274.0
2020-10-12,Tetris,Mock Connection - flurry.com,Denmark,56.39,3734.0
2020-10-12,Tetris,Mock Connection - flurry.com,Germany,12.85,2525.0
2020-10-12,Tetris,Mock Connection - flurry.com,Japan,42.21,9381.0
2020-10-12,Tetris,Mock Connection - flurry.com,United States,18.27,1246.0
2020-10-12,Tetris,Mock Connection - inmobi.com,Brazil,22.43,6902.0
2020-10-12,Tetris,Mock Connection - inmobi.com,Canada,32.56,10971.0
2020-10-12,Tetris,Mock Connection - inmobi.com,Denmark,30.47,7041.0
2020-10-12,Tetris,Mock Connection - inmobi.com,Germany,32.96,6079.0
2020-10-12,Tetris,Mock Connection - inmobi.com,Japan,56.31,14770.0
2020-10-12,Tetris,Mock Connection - inmobi.com,United States,24.32,6606.0
2020-10-12,Tetris,Mock Connection - mopub.com,Brazil,9.48,3971.0
2020-10-12,Tetris,Mock Connection - mopub.com,Canada,37.11,3389.0
2020-10-12,Tetris,Mock Connection - mopub.com,Denmark,7.880000000000001,2401.0
2020-10-12,Tetris,Mock Connection - mopub.com,Germany,8.55,2379.0
2020-10-12,Tetris,Mock Connection - mopub.com,Japan,19.52,4218.0
2020-10-12,Tetris,Mock Connection - mopub.com,United States,17.79,4363.0
2020-10-12,Tetris,Mock Connection - vungle.com,Brazil,43.24,2892.0
2020-10-12,Tetris,Mock Connection - vungle.com,Canada,66.63,6171.0
2020-10-12,Tetris,Mock Connection - vungle.com,Denmark,42.78,8017.0
2020-10-12,Tetris,Mock Connection - vungle.com,Germany,21.919999999999998,9380.0
2020-10-12,Tetris,Mock Connection - vungle.com,Japan,65.39,8291.0
2020-10-12,Tetris,Mock Connection - vungle.com,United States,22.62,5723.0
2020-10-13,2.0,Mock Connection - adcolony.com,Brazil,4.03,1423.0
2020-10-13,2.0,Mock Connection - adcolony.com,Canada,54.94,9126.0
2020-10-13,2.0,Mock Connection - adcolony.com,Denmark,27.7,5972.0
2020-10-13,2.0,Mock Connection - adcolony.com,Germany,18.95,2432.0
2020-10-13,2.0,Mock Connection - adcolony.com,Japan,27.310000000000002,5971.0
2020-10-13,2.0,Mock Connection - adcolony.com,United States,18.25,1990.0
2020-10-13,Judy Tetris,Mock Connection - chartboost.com,Brazil,4.97,863.0
2020-10-13,Judy Tetris,Mock Connection - chartboost.com,Canada,12.7,1911.0
2020-10-13,Judy Tetris,Mock Connection - chartboost.com,Denmark,0.43,338.0
2020-10-13,Judy Tetris,Mock Connection - chartboost.com,Germany,13.08,1270.0
2020-10-13,Judy Tetris,Mock Connection - chartboost.com,Japan,31.59,1760.0
2020-10-13,Judy Tetris,Mock Connection - chartboost.com,United States,9.6,574.0
2020-10-13,Luciano Tetris,Mock Connection - adcolony.com,Brazil,9.74,1301.0
2020-10-13,Luciano Tetris,Mock Connection - adcolony.com,Canada,2.44,184.0
2020-10-13,Luciano Tetris,Mock Connection - adcolony.com,Denmark,13.83,1432.0
2020-10-13,Luciano Tetris,Mock Connection - adcolony.com,Germany,0.96,106.0
2020-10-13,Luciano Tetris,Mock Connection - adcolony.com,Japan,20.75,1405.0
2020-10-13,Luciano Tetris,Mock Connection - adcolony.com,United States,28.650000000000002,4606.0
2020-10-13,Masako Tetris,Mock Connection - mopub.com,Canada,5.67,334.0
2020-10-13,Masako Tetris,Mock Connection - mopub.com,Denmark,7.75,1142.0
2020-10-13,Masako Tetris,Mock Connection - mopub.com,Germany,1.87,328.0
2020-10-13,Masako Tetris,Mock Connection - mopub.com,Japan,5.21,3520.0
2020-10-13,Masako Tetris,Mock Connection - mopub.com,United States,12.02,1791.0
2020-10-13,Michael Tetris,Mock Connection - facebook.com,Brazil,41.78,3133.0
2020-10-13,Michael Tetris,Mock Connection - facebook.com,Canada,34.97,4029.0
2020-10-13,Michael Tetris,Mock Connection - facebook.com,Denmark,55.92999999999999,12347.0
2020-10-13,Michael Tetris,Mock Connection - facebook.com,Germany,13.400000000000002,2941.0
2020-10-13,Michael Tetris,Mock Connection - facebook.com,Japan,35.95,6275.0
2020-10-13,Michael Tetris,Mock Connection - facebook.com,United States,39.32,5184.0
2020-10-13,Monte Tetris,Mock Connection - vungle.com,Brazil,12.39,2512.0
2020-10-13,Monte Tetris,Mock Connection - vungle.com,Canada,17.96,1551.0
2020-10-13,Monte Tetris,Mock Connection - vungle.com,Denmark,29.63,7970.0
2020-10-13,Monte Tetris,Mock Connection - vungle.com,Germany,19.05,2452.0
2020-10-13,Monte Tetris,Mock Connection - vungle.com,Japan,50.86000000000001,7145.0
2020-10-13,Monte Tetris,Mock Connection - vungle.com,United States,17.900000000000002,2210.0
2020-10-13,Pong,Mock Connection - adcolony.com,Brazil,4.84,2514.0
2020-10-13,Pong,Mock Connection - adcolony.com,Canada,28.58,2244.0
2020-10-13,Pong,Mock Connection - adcolony.com,Denmark,18.619999999999997,4971.0
2020-10-13,Pong,Mock Connection - adcolony.com,Germany,21.86,1963.0
2020-10-13,Pong,Mock Connection - adcolony.com,Japan,15.76,2964.0
2020-10-13,Pong,Mock Connection - adcolony.com,United States,14.07,5198.0
2020-10-13,Pong,Mock Connection - applovin.com,Brazil,11.93,6048.0
2020-10-13,Pong,Mock Connection - applovin.com,Canada,36.370000000000005,5862.0
2020-10-13,Pong,Mock Connection - applovin.com,Denmark,66.41,13117.0
2020-10-13,Pong,Mock Connection - applovin.com,Germany,48.68,8103.0
2020-10-13,Pong,Mock Connection - applovin.com,Japan,30.59,9310.0
2020-10-13,Pong,Mock Connection - applovin.com,United States,25.83,3253.0
2020-10-13,Pong,Mock Connection - chartboost.com,Brazil,12.58,763.0
2020-10-13,Pong,Mock Connection - chartboost.com,Canada,33.709999999999994,9285.0
2020-10-13,Pong,Mock Connection - chartboost.com,Denmark,20.580000000000002,1753.0
2020-10-13,Pong,Mock Connection - chartboost.com,Germany,35.16,2516.0
2020-10-13,Pong,Mock Connection - chartboost.com,Japan,39.370000000000005,4750.0
2020-10-13,Pong,Mock Connection - chartboost.com,United States,26.2,4627.0
2020-10-13,Pong,Mock Connection - facebook.com,Brazil,36.260000000000005,6276.0
2020-10-13,Pong,Mock Connection - facebook.com,Canada,43.05,5898.0
2020-10-13,Pong,Mock Connection - facebook.com,Denmark,60.22,7470.0
2020-10-13,Pong,Mock Connection - facebook.com,Germany,14.34,5388.0
2020-10-13,Pong,Mock Connection - facebook.com,Japan,17.34,4114.0
2020-10-13,Pong,Mock Connection - facebook.com,United States,19.8,4700.0
2020-10-13,Pong,Mock Connection - flurry.com,Brazil,9.51,3459.0
2020-10-13,Pong,Mock Connection - flurry.com,Canada,27.470000000000006,5867.0
2020-10-13,Pong,Mock Connection - flurry.com,Denmark,45.21,4903.0
2020-10-13,Pong,Mock Connection - flurry.com,Germany,19.549999999999997,6167.0
2020-10-13,Pong,Mock Connection - flurry.com,Japan,47.62,4319.0
2020-10-13,Pong,Mock Connection - flurry.com,United States,20.5,2290.0
2020-10-13,Pong,Mock Connection - inmobi.com,Brazil,58.980000000000004,7222.0
2020-10-13,Pong,Mock Connection - inmobi.com,Canada,52.21,21675.0
2020-10-13,Pong,Mock Connection - inmobi.com,Denmark,77.32,9428.0
2020-10-13,Pong,Mock Connection - inmobi.com,Germany,47.38999999999999,8421.0
2020-10-13,Pong,Mock Connection - inmobi.com,Japan,136.05,18189.0
2020-10-13,Pong,Mock Connection - inmobi.com,United States,55.82,7042.0
2020-10-13,Pong,Mock Connection - mopub.com,Brazil,9.65,2419.0
2020-10-13,Pong,Mock Connection - mopub.com,Canada,31.53,11076.0
2020-10-13,Pong,Mock Connection - mopub.com,Denmark,41.71,4098.0
2020-10-13,Pong,Mock Connection - mopub.com,Germany,4.3,2084.0
2020-10-13,Pong,Mock Connection - mopub.com,Japan,14.530000000000001,2407.0
2020-10-13,Pong,Mock Connection - mopub.com,United States,5.51,4575.0
2020-10-13,Pong,Mock Connection - vungle.com,Brazil,43.269999999999996,5906.0
2020-10-13,Pong,Mock Connection - vungle.com,Canada,59.480000000000004,8829.0
2020-10-13,Pong,Mock Connection - vungle.com,Denmark,80.16,8999.0
2020-10-13,Pong,Mock Connection - vungle.com,Germany,41.870000000000005,10514.0
2020-10-13,Pong,Mock Connection - vungle.com,Japan,60.07000000000001,14615.0
2020-10-13,Pong,Mock Connection - vungle.com,United States,46.629999999999995,7658.0
2020-10-13,Randy,Mock Connection - inmobi.com,Brazil,4.62,1669.0
2020-10-13,Randy,Mock Connection - inmobi.com,Canada,21.71,3293.0
2020-10-13,Randy,Mock Connection - inmobi.com,Denmark,17.55,1231.0
2020-10-13,Randy,Mock Connection - inmobi.com,Germany,19.52,4446.0
2020-10-13,Randy,Mock Connection - inmobi.com,Japan,31.03,1559.0
2020-10-13,Randy,Mock Connection - inmobi.com,United States,13.51,3843.0
2020-10-13,Snake,Mock Connection - adcolony.com,Brazil,5.6899999999999995,739.0
2020-10-13,Snake,Mock Connection - adcolony.com,Canada,0.18,422.0
2020-10-13,Snake,Mock Connection - adcolony.com,Denmark,2.01,425.0
2020-10-13,Snake,Mock Connection - adcolony.com,Germany,18.41,2760.0
2020-10-13,Snake,Mock Connection - applovin.com,Brazil,32.2,7701.0
2020-10-13,Snake,Mock Connection - applovin.com,Canada,37.51,7150.0
2020-10-13,Snake,Mock Connection - applovin.com,Denmark,24.13,14811.0
2020-10-13,Snake,Mock Connection - applovin.com,Germany,66.28999999999999,5866.0
2020-10-13,Snake,Mock Connection - applovin.com,Japan,27.95,5280.0
2020-10-13,Snake,Mock Connection - applovin.com,United States,58.29,9371.0
2020-10-13,Snake,Mock Connection - chartboost.com,Brazil,41.31,4611.0
2020-10-13,Snake,Mock Connection - chartboost.com,Canada,13.91,2276.0
2020-10-13,Snake,Mock Connection - chartboost.com,Denmark,47.28,10820.0
2020-10-13,Snake,Mock Connection - chartboost.com,Germany,31.119999999999997,6553.0
2020-10-13,Snake,Mock Connection - chartboost.com,Japan,32.0,7217.0
2020-10-13,Snake,Mock Connection - chartboost.com,United States,9.36,4697.0
2020-10-13,Snake,Mock Connection - facebook.com,Brazil,8.29,4089.0
2020-10-13,Snake,Mock Connection - facebook.com,Canada,19.72,5325.0
2020-10-13,Snake,Mock Connection - facebook.com,Denmark,44.550000000000004,9005.0
2020-10-13,Snake,Mock Connection - facebook.com,Germany,44.45,5167.0
2020-10-13,Snake,Mock Connection - facebook.com,Japan,12.870000000000001,3664.0
2020-10-13,Snake,Mock Connection - facebook.com,United States,56.730000000000004,5625.0
2020-10-13,Snake,Mock Connection - flurry.com,Brazil,32.400000000000006,3420.0
2020-10-13,Snake,Mock Connection - flurry.com,Canada,71.69,9219.0
2020-10-13,Snake,Mock Connection - flurry.com,Denmark,2.7800000000000002,507.0
2020-10-13,Snake,Mock Connection - flurry.com,Germany,23.93,5064.0
2020-10-13,Snake,Mock Connection - flurry.com,Japan,12.56,2809.0
2020-10-13,Snake,Mock Connection - flurry.com,United States,35.67,5583.0
2020-10-13,Snake,Mock Connection - inmobi.com,Brazil,38.36,9235.0
2020-10-13,Snake,Mock Connection - inmobi.com,Canada,132.97,21042.0
2020-10-13,Snake,Mock Connection - inmobi.com,Denmark,112.59,25196.0
2020-10-13,Snake,Mock Connection - inmobi.com,Germany,64.3,10091.0
2020-10-13,Snake,Mock Connection - inmobi.com,Japan,117.31,23680.0
2020-10-13,Snake,Mock Connection - inmobi.com,United States,49.42,13927.0
2020-10-13,Snake,Mock Connection - mopub.com,Brazil,19.93,3888.0
2020-10-13,Snake,Mock Connection - mopub.com,Canada,48.809999999999995,6835.0
2020-10-13,Snake,Mock Connection - mopub.com,Denmark,42.96,3861.0
2020-10-13,Snake,Mock Connection - mopub.com,Germany,46.760000000000005,6168.0
2020-10-13,Snake,Mock Connection - mopub.com,Japan,41.31,9081.0
2020-10-13,Snake,Mock Connection - mopub.com,United States,58.31,9315.0
2020-10-13,Snake,Mock Connection - vungle.com,Brazil,32.89,11186.0
2020-10-13,Snake,Mock Connection - vungle.com,Canada,35.41,7737.0
2020-10-13,Snake,Mock Connection - vungle.com,Denmark,44.37,12186.0
2020-10-13,Snake,Mock Connection - vungle.com,Germany,68.9,14108.0
2020-10-13,Snake,Mock Connection - vungle.com,Japan,68.95,10950.0
2020-10-13,Snake,Mock Connection - vungle.com,United States,73.34,9233.0
2020-10-13,Tetris,Mock Connection - adcolony.com,Brazil,3.53,236.0
2020-10-13,Tetris,Mock Connection - adcolony.com,Denmark,8.35,622.0
2020-10-13,Tetris,Mock Connection - adcolony.com,Germany,2.71,289.0
2020-10-13,Tetris,Mock Connection - adcolony.com,Japan,1.0,119.0
2020-10-13,Tetris,Mock Connection - adcolony.com,United States,1.64,770.0
2020-10-13,Tetris,Mock Connection - applovin.com,Brazil,11.98,1273.0
2020-10-13,Tetris,Mock Connection - applovin.com,Canada,18.029999999999998,6756.0
2020-10-13,Tetris,Mock Connection - applovin.com,Denmark,45.39,8436.0
2020-10-13,Tetris,Mock Connection - applovin.com,Germany,20.77,6629.0
2020-10-13,Tetris,Mock Connection - applovin.com,Japan,39.68,7715.0
2020-10-13,Tetris,Mock Connection - applovin.com,United States,9.94,2692.0
2020-10-13,Tetris,Mock Connection - chartboost.com,Brazil,12.18,1430.0
2020-10-13,Tetris,Mock Connection - chartboost.com,Canada,47.09,6554.0
2020-10-13,Tetris,Mock Connection - chartboost.com,Denmark,23.13,3637.0
2020-10-13,Tetris,Mock Connection - chartboost.com,Germany,20.41,2264.0
2020-10-13,Tetris,Mock Connection - chartboost.com,Japan,31.62,2687.0
2020-10-13,Tetris,Mock Connection - chartboost.com,United States,22.49,3021.0
2020-10-13,Tetris,Mock Connection - facebook.com,Brazil,3.8899999999999997,1242.0
2020-10-13,Tetris,Mock Connection - facebook.com,Canada,43.2,6926.0
2020-10-13,Tetris,Mock Connection - facebook.com,Denmark,27.12,3651.0
2020-10-13,Tetris,Mock Connection - facebook.com,Germany,14.41,5185.0
2020-10-13,Tetris,Mock Connection - facebook.com,Japan,34.69,5795.0
2020-10-13,Tetris,Mock Connection - facebook.com,United States,14.83,2092.0
2020-10-13,Tetris,Mock Connection - flurry.com,Brazil,0.51,531.0
2020-10-13,Tetris,Mock Connection - flurry.com,Canada,38.699999999999996,5457.0
2020-10-13,Tetris,Mock Connection - flurry.com,Denmark,19.77,4392.0
2020-10-13,Tetris,Mock Connection - flurry.com,Germany,60.10000000000001,5900.0
2020-10-13,Tetris,Mock Connection - flurry.com,Japan,34.31,3361.0
2020-10-13,Tetris,Mock Connection - flurry.com,United States,34.57,3289.0
2020-10-13,Tetris,Mock Connection - inmobi.com,Brazil,48.39,6439.0
2020-10-13,Tetris,Mock Connection - inmobi.com,Canada,74.59,10575.0
2020-10-13,Tetris,Mock Connection - inmobi.com,Denmark,69.22,9928.0
2020-10-13,Tetris,Mock Connection - inmobi.com,Germany,90.41,13356.0
2020-10-13,Tetris,Mock Connection - inmobi.com,Japan,66.67999999999999,7713.0
2020-10-13,Tetris,Mock Connection - inmobi.com,United States,72.87,11299.0
2020-10-13,Tetris,Mock Connection - mopub.com,Brazil,13.059999999999999,2005.0
2020-10-13,Tetris,Mock Connection - mopub.com,Canada,7.39,2153.0
2020-10-13,Tetris,Mock Connection - mopub.com,Denmark,26.12,3132.0
2020-10-13,Tetris,Mock Connection - mopub.com,Germany,15.86,2491.0
2020-10-13,Tetris,Mock Connection - mopub.com,Japan,0.43,468.0
2020-10-13,Tetris,Mock Connection - mopub.com,United States,28.490000000000002,2777.0
2020-10-13,Tetris,Mock Connection - vungle.com,Brazil,17.490000000000002,4235.0
2020-10-13,Tetris,Mock Connection - vungle.com,Canada,19.68,5671.0
2020-10-13,Tetris,Mock Connection - vungle.com,Denmark,22.88,6328.0
2020-10-13,Tetris,Mock Connection - vungle.com,Germany,5.24,2576.0
2020-10-13,Tetris,Mock Connection - vungle.com,Japan,11.120000000000001,1817.0
2020-10-13,Tetris,Mock Connection - vungle.com,United States,27.64,2232.0
2020-10-14,2.0,Mock Connection - adcolony.com,Brazil,7.61,2817.0
2020-10-14,2.0,Mock Connection - adcolony.com,Canada,20.4,3939.0
2020-10-14,2.0,Mock Connection - adcolony.com,Denmark,27.47,4214.0
2020-10-14,2.0,Mock Connection - adcolony.com,Germany,6.3100000000000005,2214.0
2020-10-14,2.0,Mock Connection - adcolony.com,Japan,16.22,6464.0
2020-10-14,2.0,Mock Connection - adcolony.com,United States,24.43,3775.0
2020-10-14,Judy Tetris,Mock Connection - chartboost.com,Brazil,11.86,1813.0
2020-10-14,Judy Tetris,Mock Connection - chartboost.com,Canada,13.43,2057.0
2020-10-14,Judy Tetris,Mock Connection - chartboost.com,Denmark,0.78,1142.0
2020-10-14,Judy Tetris,Mock Connection - chartboost.com,Germany,6.62,698.0
2020-10-14,Judy Tetris,Mock Connection - chartboost.com,Japan,5.08,2225.0
2020-10-14,Judy Tetris,Mock Connection - chartboost.com,United States,12.23,2773.0
2020-10-14,Luciano Tetris,Mock Connection - adcolony.com,Brazil,8.8,235.0
2020-10-14,Luciano Tetris,Mock Connection - adcolony.com,Canada,32.08,2685.0
2020-10-14,Luciano Tetris,Mock Connection - adcolony.com,Denmark,7.0,1788.0
2020-10-14,Luciano Tetris,Mock Connection - adcolony.com,Germany,15.58,2288.0
2020-10-14,Luciano Tetris,Mock Connection - adcolony.com,Japan,14.26,869.0
2020-10-14,Luciano Tetris,Mock Connection - adcolony.com,United States,20.700000000000003,3002.0
2020-10-14,Masako Tetris,Mock Connection - mopub.com,Brazil,11.55,2034.0
2020-10-14,Masako Tetris,Mock Connection - mopub.com,Canada,18.93,6437.0
2020-10-14,Masako Tetris,Mock Connection - mopub.com,Denmark,0.83,998.0
2020-10-14,Masako Tetris,Mock Connection - mopub.com,Germany,8.4,1999.0
2020-10-14,Masako Tetris,Mock Connection - mopub.com,Japan,8.79,4377.0
2020-10-14,Masako Tetris,Mock Connection - mopub.com,United States,2.5300000000000002,962.0
2020-10-14,Michael Tetris,Mock Connection - facebook.com,Brazil,29.66,3399.0
2020-10-14,Michael Tetris,Mock Connection - facebook.com,Canada,35.04,2637.0
2020-10-14,Michael Tetris,Mock Connection - facebook.com,Denmark,9.299999999999999,1956.0
2020-10-14,Michael Tetris,Mock Connection - facebook.com,Germany,29.070000000000004,7536.0
2020-10-14,Michael Tetris,Mock Connection - facebook.com,Japan,22.5,5326.0
2020-10-14,Michael Tetris,Mock Connection - facebook.com,United States,13.55,1602.0
2020-10-14,Monte Tetris,Mock Connection - vungle.com,Brazil,11.29,628.0
2020-10-14,Monte Tetris,Mock Connection - vungle.com,Canada,17.85,2173.0
2020-10-14,Monte Tetris,Mock Connection - vungle.com,Denmark,24.29,2981.0
2020-10-14,Monte Tetris,Mock Connection - vungle.com,Germany,3.48,1829.0
2020-10-14,Monte Tetris,Mock Connection - vungle.com,Japan,11.41,2868.0
2020-10-14,Monte Tetris,Mock Connection - vungle.com,United States,10.25,4796.0
2020-10-14,Pong,Mock Connection - adcolony.com,Brazil,4.9,2195.0
2020-10-14,Pong,Mock Connection - adcolony.com,Canada,20.299999999999997,6601.0
2020-10-14,Pong,Mock Connection - adcolony.com,Denmark,3.17,2681.0
2020-10-14,Pong,Mock Connection - adcolony.com,Germany,14.600000000000001,5107.0
2020-10-14,Pong,Mock Connection - adcolony.com,Japan,15.040000000000001,1832.0
2020-10-14,Pong,Mock Connection - adcolony.com,United States,8.24,2400.0
2020-10-14,Pong,Mock Connection - applovin.com,Brazil,22.540000000000003,4778.0
2020-10-14,Pong,Mock Connection - applovin.com,Canada,32.589999999999996,2722.0
2020-10-14,Pong,Mock Connection - applovin.com,Denmark,38.24,5609.0
2020-10-14,Pong,Mock Connection - applovin.com,Germany,18.26,4898.0
2020-10-14,Pong,Mock Connection - applovin.com,Japan,13.4,4578.0
2020-10-14,Pong,Mock Connection - applovin.com,United States,12.43,2786.0
2020-10-14,Pong,Mock Connection - chartboost.com,Brazil,36.33,3937.0
2020-10-14,Pong,Mock Connection - chartboost.com,Canada,41.89,8778.0
2020-10-14,Pong,Mock Connection - chartboost.com,Denmark,38.879999999999995,9059.0
2020-10-14,Pong,Mock Connection - chartboost.com,Germany,21.709999999999997,6999.0
2020-10-14,Pong,Mock Connection - chartboost.com,Japan,40.76,6548.0
2020-10-14,Pong,Mock Connection - chartboost.com,United States,32.31,7004.0
2020-10-14,Pong,Mock Connection - facebook.com,Brazil,5.22,2103.0
2020-10-14,Pong,Mock Connection - facebook.com,Canada,8.129999999999999,4393.0
2020-10-14,Pong,Mock Connection - facebook.com,Denmark,8.11,4584.0
2020-10-14,Pong,Mock Connection - facebook.com,Germany,12.49,2184.0
2020-10-14,Pong,Mock Connection - facebook.com,Japan,23.14,456.0
2020-10-14,Pong,Mock Connection - facebook.com,United States,24.61,3745.0
2020-10-14,Pong,Mock Connection - flurry.com,Brazil,15.559999999999999,5094.0
2020-10-14,Pong,Mock Connection - flurry.com,Canada,43.94,8597.0
2020-10-14,Pong,Mock Connection - flurry.com,Denmark,14.47,7580.0
2020-10-14,Pong,Mock Connection - flurry.com,Germany,5.71,2169.0
2020-10-14,Pong,Mock Connection - flurry.com,Japan,13.43,4876.0
2020-10-14,Pong,Mock Connection - flurry.com,United States,26.080000000000002,6642.0
2020-10-14,Pong,Mock Connection - inmobi.com,Brazil,45.59,5828.0
2020-10-14,Pong,Mock Connection - inmobi.com,Canada,35.739999999999995,12714.0
2020-10-14,Pong,Mock Connection - inmobi.com,Denmark,67.92999999999999,11983.0
2020-10-14,Pong,Mock Connection - inmobi.com,Germany,78.23,12189.0
2020-10-14,Pong,Mock Connection - inmobi.com,Japan,46.870000000000005,11700.0
2020-10-14,Pong,Mock Connection - inmobi.com,United States,27.630000000000003,9292.0
2020-10-14,Pong,Mock Connection - mopub.com,Brazil,35.9,5538.0
2020-10-14,Pong,Mock Connection - mopub.com,Canada,73.11,8321.0
2020-10-14,Pong,Mock Connection - mopub.com,Denmark,67.04,8558.0
2020-10-14,Pong,Mock Connection - mopub.com,Germany,32.269999999999996,8685.0
2020-10-14,Pong,Mock Connection - mopub.com,Japan,50.79,15134.0
2020-10-14,Pong,Mock Connection - mopub.com,United States,13.49,6818.0
2020-10-14,Pong,Mock Connection - vungle.com,Brazil,30.96,6342.0
2020-10-14,Pong,Mock Connection - vungle.com,Canada,87.55,13244.0
2020-10-14,Pong,Mock Connection - vungle.com,Denmark,58.33,8646.0
2020-10-14,Pong,Mock Connection - vungle.com,Germany,49.06999999999999,12742.0
2020-10-14,Pong,Mock Connection - vungle.com,Japan,58.18000000000001,14775.0
2020-10-14,Pong,Mock Connection - vungle.com,United States,48.730000000000004,8766.0
2020-10-14,Randy,Mock Connection - inmobi.com,Brazil,2.24,953.0
2020-10-14,Randy,Mock Connection - inmobi.com,Canada,17.85,5840.0
2020-10-14,Randy,Mock Connection - inmobi.com,Denmark,38.25,3801.0
2020-10-14,Randy,Mock Connection - inmobi.com,Germany,5.4,1625.0
2020-10-14,Randy,Mock Connection - inmobi.com,Japan,2.46,1577.0
2020-10-14,Randy,Mock Connection - inmobi.com,United States,6.1899999999999995,1409.0
2020-10-14,Snake,Mock Connection - adcolony.com,Brazil,1.74,861.0
2020-10-14,Snake,Mock Connection - adcolony.com,Canada,5.29,369.0
2020-10-14,Snake,Mock Connection - adcolony.com,Denmark,5.41,1152.0
2020-10-14,Snake,Mock Connection - adcolony.com,Germany,0.37,778.0
2020-10-14,Snake,Mock Connection - applovin.com,Brazil,14.19,4870.0
2020-10-14,Snake,Mock Connection - applovin.com,Canada,36.94,4537.0
2020-10-14,Snake,Mock Connection - applovin.com,Denmark,19.62,4558.0
2020-10-14,Snake,Mock Connection - applovin.com,Germany,40.04,5153.0
2020-10-14,Snake,Mock Connection - applovin.com,Japan,17.91,5549.0
2020-10-14,Snake,Mock Connection - applovin.com,United States,33.47,2214.0
2020-10-14,Snake,Mock Connection - chartboost.com,Brazil,21.639999999999997,3864.0
2020-10-14,Snake,Mock Connection - chartboost.com,Canada,64.28999999999999,8104.0
2020-10-14,Snake,Mock Connection - chartboost.com,Denmark,62.89,15322.0
2020-10-14,Snake,Mock Connection - chartboost.com,Germany,45.65,12077.0
2020-10-14,Snake,Mock Connection - chartboost.com,Japan,30.51,8173.0
2020-10-14,Snake,Mock Connection - chartboost.com,United States,13.42,3866.0
2020-10-14,Snake,Mock Connection - facebook.com,Brazil,17.240000000000002,7146.0
2020-10-14,Snake,Mock Connection - facebook.com,Canada,3.57,2816.0
2020-10-14,Snake,Mock Connection - facebook.com,Denmark,20.509999999999998,6213.0
2020-10-14,Snake,Mock Connection - facebook.com,Germany,12.41,5292.0
2020-10-14,Snake,Mock Connection - facebook.com,Japan,28.6,1746.0
2020-10-14,Snake,Mock Connection - facebook.com,United States,33.62,5719.0
2020-10-14,Snake,Mock Connection - flurry.com,Brazil,30.15,6242.0
2020-10-14,Snake,Mock Connection - flurry.com,Canada,29.45,1304.0
2020-10-14,Snake,Mock Connection - flurry.com,Denmark,58.49,11159.0
2020-10-14,Snake,Mock Connection - flurry.com,Germany,21.009999999999998,4341.0
2020-10-14,Snake,Mock Connection - flurry.com,Japan,47.22,6549.0
2020-10-14,Snake,Mock Connection - flurry.com,United States,21.88,4435.0
2020-10-14,Snake,Mock Connection - inmobi.com,Brazil,82.18,8665.0
2020-10-14,Snake,Mock Connection - inmobi.com,Canada,138.45999999999998,14756.0
2020-10-14,Snake,Mock Connection - inmobi.com,Denmark,101.91,24431.0
2020-10-14,Snake,Mock Connection - inmobi.com,Germany,89.11000000000001,20191.0
2020-10-14,Snake,Mock Connection - inmobi.com,Japan,109.1,16165.0
2020-10-14,Snake,Mock Connection - inmobi.com,United States,86.83000000000001,18692.0
2020-10-14,Snake,Mock Connection - mopub.com,Brazil,18.66,9762.0
2020-10-14,Snake,Mock Connection - mopub.com,Canada,25.35,3430.0
2020-10-14,Snake,Mock Connection - mopub.com,Denmark,40.51,4867.0
2020-10-14,Snake,Mock Connection - mopub.com,Germany,66.73,15153.0
2020-10-14,Snake,Mock Connection - mopub.com,Japan,82.87,16557.0
2020-10-14,Snake,Mock Connection - mopub.com,United States,89.38000000000001,9054.0
2020-10-14,Snake,Mock Connection - vungle.com,Brazil,41.75,9251.0
2020-10-14,Snake,Mock Connection - vungle.com,Canada,78.36,11019.0
2020-10-14,Snake,Mock Connection - vungle.com,Denmark,65.35000000000001,14161.0
2020-10-14,Snake,Mock Connection - vungle.com,Germany,46.089999999999996,13112.0
2020-10-14,Snake,Mock Connection - vungle.com,Japan,54.56,20900.0
2020-10-14,Snake,Mock Connection - vungle.com,United States,88.1,11506.0
2020-10-14,Tetris,Mock Connection - adcolony.com,Brazil,0.05,596.0
2020-10-14,Tetris,Mock Connection - adcolony.com,Denmark,2.39,2138.0
2020-10-14,Tetris,Mock Connection - adcolony.com,Germany,4.18,104.0
2020-10-14,Tetris,Mock Connection - adcolony.com,United States,26.65,1239.0
2020-10-14,Tetris,Mock Connection - applovin.com,Brazil,30.16,1898.0
2020-10-14,Tetris,Mock Connection - applovin.com,Canada,56.28,3073.0
2020-10-14,Tetris,Mock Connection - applovin.com,Denmark,32.81,3375.0
2020-10-14,Tetris,Mock Connection - applovin.com,Germany,42.7,7643.0
2020-10-14,Tetris,Mock Connection - applovin.com,Japan,19.259999999999998,2984.0
2020-10-14,Tetris,Mock Connection - applovin.com,United States,17.560000000000002,3109.0
2020-10-14,Tetris,Mock Connection - chartboost.com,Brazil,28.92,5230.0
2020-10-14,Tetris,Mock Connection - chartboost.com,Canada,26.59,9483.0
2020-10-14,Tetris,Mock Connection - chartboost.com,Denmark,23.23,6366.0
2020-10-14,Tetris,Mock Connection - chartboost.com,Germany,12.64,5926.0
2020-10-14,Tetris,Mock Connection - chartboost.com,Japan,38.41,10603.0
2020-10-14,Tetris,Mock Connection - chartboost.com,United States,11.47,2418.0
2020-10-14,Tetris,Mock Connection - facebook.com,Brazil,8.309999999999999,2424.0
2020-10-14,Tetris,Mock Connection - facebook.com,Canada,8.71,316.0
2020-10-14,Tetris,Mock Connection - facebook.com,Denmark,37.89,7428.0
2020-10-14,Tetris,Mock Connection - facebook.com,Germany,5.21,4176.0
2020-10-14,Tetris,Mock Connection - facebook.com,Japan,26.49,5785.0
2020-10-14,Tetris,Mock Connection - facebook.com,United States,36.89,2847.0
2020-10-14,Tetris,Mock Connection - flurry.com,Brazil,16.67,4386.0
2020-10-14,Tetris,Mock Connection - flurry.com,Canada,10.59,5746.0
2020-10-14,Tetris,Mock Connection - flurry.com,Denmark,14.309999999999999,3334.0
2020-10-14,Tetris,Mock Connection - flurry.com,Germany,24.450000000000003,4178.0
2020-10-14,Tetris,Mock Connection - flurry.com,Japan,17.93,2790.0
2020-10-14,Tetris,Mock Connection - flurry.com,United States,41.53,6186.0
2020-10-14,Tetris,Mock Connection - inmobi.com,Brazil,26.0,7142.0
2020-10-14,Tetris,Mock Connection - inmobi.com,Canada,35.05,2253.0
2020-10-14,Tetris,Mock Connection - inmobi.com,Denmark,67.93,10063.0
2020-10-14,Tetris,Mock Connection - inmobi.com,Germany,29.13,7978.0
2020-10-14,Tetris,Mock Connection - inmobi.com,Japan,22.36,6924.0
2020-10-14,Tetris,Mock Connection - inmobi.com,United States,33.69,8945.0
2020-10-14,Tetris,Mock Connection - mopub.com,Brazil,6.55,4881.0
2020-10-14,Tetris,Mock Connection - mopub.com,Canada,47.620000000000005,6501.0
2020-10-14,Tetris,Mock Connection - mopub.com,Denmark,24.83,5108.0
2020-10-14,Tetris,Mock Connection - mopub.com,Germany,32.65,3911.0
2020-10-14,Tetris,Mock Connection - mopub.com,Japan,48.17,2502.0
2020-10-14,Tetris,Mock Connection - mopub.com,United States,9.91,2417.0
2020-10-14,Tetris,Mock Connection - vungle.com,Brazil,18.04,4918.0
2020-10-14,Tetris,Mock Connection - vungle.com,Canada,19.25,3081.0
2020-10-14,Tetris,Mock Connection - vungle.com,Denmark,27.75,4966.0
2020-10-14,Tetris,Mock Connection - vungle.com,Germany,26.14,6356.0
2020-10-14,Tetris,Mock Connection - vungle.com,Japan,43.38,5599.0
2020-10-14,Tetris,Mock Connection - vungle.com,United States,29.869999999999997,5271.0
2020-10-15,2.0,Mock Connection - adcolony.com,Brazil,9.19,2257.0
2020-10-15,2.0,Mock Connection - adcolony.com,Canada,11.83,6232.0
2020-10-15,2.0,Mock Connection - adcolony.com,Denmark,16.75,2435.0
2020-10-15,2.0,Mock Connection - adcolony.com,Germany,8.21,5436.0
2020-10-15,2.0,Mock Connection - adcolony.com,Japan,13.870000000000001,4861.0
2020-10-15,2.0,Mock Connection - adcolony.com,United States,43.599999999999994,6336.0
2020-10-15,Judy Tetris,Mock Connection - chartboost.com,Brazil,9.44,1058.0
2020-10-15,Judy Tetris,Mock Connection - chartboost.com,Canada,2.37,3547.0
2020-10-15,Judy Tetris,Mock Connection - chartboost.com,Denmark,6.99,707.0
2020-10-15,Judy Tetris,Mock Connection - chartboost.com,Germany,7.39,1368.0
2020-10-15,Judy Tetris,Mock Connection - chartboost.com,Japan,23.44,3074.0
2020-10-15,Judy Tetris,Mock Connection - chartboost.com,United States,9.030000000000001,1450.0
2020-10-15,Luciano Tetris,Mock Connection - adcolony.com,Brazil,8.27,2339.0
2020-10-15,Luciano Tetris,Mock Connection - adcolony.com,Canada,5.6,4362.0
2020-10-15,Luciano Tetris,Mock Connection - adcolony.com,Denmark,60.82,6882.0
2020-10-15,Luciano Tetris,Mock Connection - adcolony.com,Germany,7.56,2328.0
2020-10-15,Luciano Tetris,Mock Connection - adcolony.com,Japan,36.62,4780.0
2020-10-15,Luciano Tetris,Mock Connection - adcolony.com,United States,10.059999999999999,3198.0
2020-10-15,Masako Tetris,Mock Connection - mopub.com,Canada,11.04,2509.0
2020-10-15,Masako Tetris,Mock Connection - mopub.com,Denmark,3.9299999999999997,1491.0
2020-10-15,Masako Tetris,Mock Connection - mopub.com,Germany,16.64,1080.0
2020-10-15,Masako Tetris,Mock Connection - mopub.com,Japan,11.42,2736.0
2020-10-15,Masako Tetris,Mock Connection - mopub.com,United States,14.2,3781.0
2020-10-15,Michael Tetris,Mock Connection - facebook.com,Brazil,22.380000000000003,2480.0
2020-10-15,Michael Tetris,Mock Connection - facebook.com,Canada,27.57,2955.0
2020-10-15,Michael Tetris,Mock Connection - facebook.com,Denmark,39.739999999999995,7692.0
2020-10-15,Michael Tetris,Mock Connection - facebook.com,Germany,14.93,3365.0
2020-10-15,Michael Tetris,Mock Connection - facebook.com,Japan,38.53,6104.0
2020-10-15,Michael Tetris,Mock Connection - facebook.com,United States,36.730000000000004,5884.0
2020-10-15,Monte Tetris,Mock Connection - vungle.com,Brazil,12.399999999999999,1401.0
2020-10-15,Monte Tetris,Mock Connection - vungle.com,Canada,4.609999999999999,804.0
2020-10-15,Monte Tetris,Mock Connection - vungle.com,Denmark,15.66,2012.0
2020-10-15,Monte Tetris,Mock Connection - vungle.com,Germany,11.21,1830.0
2020-10-15,Monte Tetris,Mock Connection - vungle.com,Japan,34.18,3692.0
2020-10-15,Monte Tetris,Mock Connection - vungle.com,United States,25.26,2094.0
2020-10-15,Pong,Mock Connection - adcolony.com,Brazil,6.77,1723.0
2020-10-15,Pong,Mock Connection - adcolony.com,Canada,23.6,2070.0
2020-10-15,Pong,Mock Connection - adcolony.com,Denmark,42.55,5430.0
2020-10-15,Pong,Mock Connection - adcolony.com,Germany,24.47,6130.0
2020-10-15,Pong,Mock Connection - adcolony.com,Japan,35.129999999999995,5554.0
2020-10-15,Pong,Mock Connection - adcolony.com,United States,34.81,6517.0
2020-10-15,Pong,Mock Connection - applovin.com,Brazil,40.61,5612.0
2020-10-15,Pong,Mock Connection - applovin.com,Canada,18.85,7509.0
2020-10-15,Pong,Mock Connection - applovin.com,Denmark,50.06,10485.0
2020-10-15,Pong,Mock Connection - applovin.com,Germany,36.69,11946.0
2020-10-15,Pong,Mock Connection - applovin.com,Japan,72.92999999999999,17148.0
2020-10-15,Pong,Mock Connection - applovin.com,United States,49.65,4262.0
2020-10-15,Pong,Mock Connection - chartboost.com,Brazil,25.38,3518.0
2020-10-15,Pong,Mock Connection - chartboost.com,Canada,8.01,3525.0
2020-10-15,Pong,Mock Connection - chartboost.com,Denmark,44.54,10442.0
2020-10-15,Pong,Mock Connection - chartboost.com,Germany,19.75,5488.0
2020-10-15,Pong,Mock Connection - chartboost.com,Japan,50.39,7691.0
2020-10-15,Pong,Mock Connection - chartboost.com,United States,34.43,4943.0
2020-10-15,Pong,Mock Connection - facebook.com,Brazil,9.870000000000001,1095.0
2020-10-15,Pong,Mock Connection - facebook.com,Canada,25.590000000000003,8593.0
2020-10-15,Pong,Mock Connection - facebook.com,Denmark,26.07,6416.0
2020-10-15,Pong,Mock Connection - facebook.com,Germany,23.470000000000002,3606.0
2020-10-15,Pong,Mock Connection - facebook.com,Japan,6.63,1407.0
2020-10-15,Pong,Mock Connection - facebook.com,United States,20.03,5863.0
2020-10-15,Pong,Mock Connection - flurry.com,Brazil,42.0,5119.0
2020-10-15,Pong,Mock Connection - flurry.com,Canada,24.89,3953.0
2020-10-15,Pong,Mock Connection - flurry.com,Denmark,26.77,7483.0
2020-10-15,Pong,Mock Connection - flurry.com,Germany,61.010000000000005,10212.0
2020-10-15,Pong,Mock Connection - flurry.com,Japan,17.03,2141.0
2020-10-15,Pong,Mock Connection - flurry.com,United States,31.119999999999997,7626.0
2020-10-15,Pong,Mock Connection - inmobi.com,Brazil,30.63,10005.0
2020-10-15,Pong,Mock Connection - inmobi.com,Canada,81.89,15058.0
2020-10-15,Pong,Mock Connection - inmobi.com,Denmark,70.0,10000.0
2020-10-15,Pong,Mock Connection - inmobi.com,Germany,56.879999999999995,10142.0
2020-10-15,Pong,Mock Connection - inmobi.com,Japan,144.11,11961.0
2020-10-15,Pong,Mock Connection - inmobi.com,United States,64.98,14869.0
2020-10-15,Pong,Mock Connection - mopub.com,Brazil,20.46,5897.0
2020-10-15,Pong,Mock Connection - mopub.com,Canada,4.9399999999999995,1928.0
2020-10-15,Pong,Mock Connection - mopub.com,Denmark,22.38,5722.0
2020-10-15,Pong,Mock Connection - mopub.com,Germany,41.459999999999994,6645.0
2020-10-15,Pong,Mock Connection - mopub.com,Japan,21.99,2983.0
2020-10-15,Pong,Mock Connection - mopub.com,United States,22.330000000000002,2125.0
2020-10-15,Pong,Mock Connection - vungle.com,Brazil,16.130000000000003,3239.0
2020-10-15,Pong,Mock Connection - vungle.com,Canada,42.11,10725.0
2020-10-15,Pong,Mock Connection - vungle.com,Denmark,55.03,13907.0
2020-10-15,Pong,Mock Connection - vungle.com,Germany,70.24000000000001,17722.0
2020-10-15,Pong,Mock Connection - vungle.com,Japan,40.809999999999995,7398.0
2020-10-15,Pong,Mock Connection - vungle.com,United States,38.830000000000005,3526.0
2020-10-15,Randy,Mock Connection - inmobi.com,Brazil,2.24,1689.0
2020-10-15,Randy,Mock Connection - inmobi.com,Canada,18.58,4207.0
2020-10-15,Randy,Mock Connection - inmobi.com,Denmark,25.16,6504.0
2020-10-15,Randy,Mock Connection - inmobi.com,Germany,21.65,3802.0
2020-10-15,Randy,Mock Connection - inmobi.com,Japan,32.53,4930.0
2020-10-15,Randy,Mock Connection - inmobi.com,United States,15.84,6611.0
2020-10-15,Snake,Mock Connection - adcolony.com,Brazil,0.84,436.0
2020-10-15,Snake,Mock Connection - adcolony.com,Denmark,2.04,504.0
2020-10-15,Snake,Mock Connection - adcolony.com,United States,6.21,366.0
2020-10-15,Snake,Mock Connection - applovin.com,Brazil,18.75,9606.0
2020-10-15,Snake,Mock Connection - applovin.com,Canada,31.43,7641.0
2020-10-15,Snake,Mock Connection - applovin.com,Denmark,82.94999999999999,10472.0
2020-10-15,Snake,Mock Connection - applovin.com,Germany,48.589999999999996,7781.0
2020-10-15,Snake,Mock Connection - applovin.com,Japan,67.21000000000001,7975.0
2020-10-15,Snake,Mock Connection - applovin.com,United States,55.39,7964.0
2020-10-15,Snake,Mock Connection - chartboost.com,Brazil,23.97,3066.0
2020-10-15,Snake,Mock Connection - chartboost.com,Canada,67.02,9309.0
2020-10-15,Snake,Mock Connection - chartboost.com,Denmark,64.55,15166.0
2020-10-15,Snake,Mock Connection - chartboost.com,Germany,72.55000000000001,10367.0
2020-10-15,Snake,Mock Connection - chartboost.com,Japan,95.17,13902.0
2020-10-15,Snake,Mock Connection - chartboost.com,United States,40.88,8558.0
2020-10-15,Snake,Mock Connection - facebook.com,Brazil,2.7,972.0
2020-10-15,Snake,Mock Connection - facebook.com,Canada,37.34,11394.0
2020-10-15,Snake,Mock Connection - facebook.com,Denmark,42.21,11436.0
2020-10-15,Snake,Mock Connection - facebook.com,Germany,34.67,8329.0
2020-10-15,Snake,Mock Connection - facebook.com,Japan,75.59,12186.0
2020-10-15,Snake,Mock Connection - facebook.com,United States,6.4799999999999995,793.0
2020-10-15,Snake,Mock Connection - flurry.com,Brazil,18.26,1301.0
2020-10-15,Snake,Mock Connection - flurry.com,Canada,28.46,3575.0
2020-10-15,Snake,Mock Connection - flurry.com,Denmark,42.67,5236.0
2020-10-15,Snake,Mock Connection - flurry.com,Germany,51.11,7269.0
2020-10-15,Snake,Mock Connection - flurry.com,Japan,42.44,4848.0
2020-10-15,Snake,Mock Connection - flurry.com,United States,44.03,8258.0
2020-10-15,Snake,Mock Connection - inmobi.com,Brazil,69.36,7594.0
2020-10-15,Snake,Mock Connection - inmobi.com,Canada,49.529999999999994,7773.0
2020-10-15,Snake,Mock Connection - inmobi.com,Denmark,146.18,15468.0
2020-10-15,Snake,Mock Connection - inmobi.com,Germany,83.67999999999999,13799.0
2020-10-15,Snake,Mock Connection - inmobi.com,Japan,91.56,11678.0
2020-10-15,Snake,Mock Connection - inmobi.com,United States,64.94,7412.0
2020-10-15,Snake,Mock Connection - mopub.com,Brazil,36.82,6254.0
2020-10-15,Snake,Mock Connection - mopub.com,Canada,43.629999999999995,8692.0
2020-10-15,Snake,Mock Connection - mopub.com,Denmark,50.029999999999994,8760.0
2020-10-15,Snake,Mock Connection - mopub.com,Germany,20.53,4743.0
2020-10-15,Snake,Mock Connection - mopub.com,Japan,18.83,2320.0
2020-10-15,Snake,Mock Connection - mopub.com,United States,57.24,11978.0
2020-10-15,Snake,Mock Connection - vungle.com,Brazil,52.93,6728.0
2020-10-15,Snake,Mock Connection - vungle.com,Canada,101.04,21630.0
2020-10-15,Snake,Mock Connection - vungle.com,Denmark,91.82000000000001,10698.0
2020-10-15,Snake,Mock Connection - vungle.com,Germany,113.97,13721.0
2020-10-15,Snake,Mock Connection - vungle.com,Japan,98.62,11027.0
2020-10-15,Snake,Mock Connection - vungle.com,United States,14.21,5925.0
2020-10-15,Tetris,Mock Connection - adcolony.com,Brazil,2.91,2288.0
2020-10-15,Tetris,Mock Connection - adcolony.com,Canada,21.799999999999997,922.0
2020-10-15,Tetris,Mock Connection - adcolony.com,Denmark,7.49,994.0
2020-10-15,Tetris,Mock Connection - adcolony.com,Japan,3.83,1554.0
2020-10-15,Tetris,Mock Connection - applovin.com,Brazil,19.79,4322.0
2020-10-15,Tetris,Mock Connection - applovin.com,Canada,72.24,7625.0
2020-10-15,Tetris,Mock Connection - applovin.com,Denmark,38.57,10094.0
2020-10-15,Tetris,Mock Connection - applovin.com,Germany,26.02,6167.0
2020-10-15,Tetris,Mock Connection - applovin.com,Japan,23.299999999999997,4868.0
2020-10-15,Tetris,Mock Connection - applovin.com,United States,25.7,7081.0
2020-10-15,Tetris,Mock Connection - chartboost.com,Brazil,19.63,3661.0
2020-10-15,Tetris,Mock Connection - chartboost.com,Canada,33.7,4419.0
2020-10-15,Tetris,Mock Connection - chartboost.com,Denmark,7.710000000000001,3662.0
2020-10-15,Tetris,Mock Connection - chartboost.com,Germany,10.379999999999999,4213.0
2020-10-15,Tetris,Mock Connection - chartboost.com,Japan,28.39,5022.0
2020-10-15,Tetris,Mock Connection - chartboost.com,United States,31.229999999999997,3006.0
2020-10-15,Tetris,Mock Connection - facebook.com,Brazil,3.11,795.0
2020-10-15,Tetris,Mock Connection - facebook.com,Canada,6.35,8316.0
2020-10-15,Tetris,Mock Connection - facebook.com,Denmark,45.91,4798.0
2020-10-15,Tetris,Mock Connection - facebook.com,Germany,37.95,4227.0
2020-10-15,Tetris,Mock Connection - facebook.com,Japan,11.72,1490.0
2020-10-15,Tetris,Mock Connection - facebook.com,United States,27.63,2547.0
2020-10-15,Tetris,Mock Connection - flurry.com,Brazil,8.11,836.0
2020-10-15,Tetris,Mock Connection - flurry.com,Canada,16.46,1810.0
2020-10-15,Tetris,Mock Connection - flurry.com,Denmark,21.46,6615.0
2020-10-15,Tetris,Mock Connection - flurry.com,Germany,54.14,5095.0
2020-10-15,Tetris,Mock Connection - flurry.com,Japan,54.93,7097.0
2020-10-15,Tetris,Mock Connection - flurry.com,United States,21.84,3053.0
2020-10-15,Tetris,Mock Connection - inmobi.com,Brazil,32.37,2601.0
2020-10-15,Tetris,Mock Connection - inmobi.com,Canada,82.76,13281.0
2020-10-15,Tetris,Mock Connection - inmobi.com,Denmark,32.39,2729.0
2020-10-15,Tetris,Mock Connection - inmobi.com,Germany,36.6,7491.0
2020-10-15,Tetris,Mock Connection - inmobi.com,Japan,69.31,14456.0
2020-10-15,Tetris,Mock Connection - inmobi.com,United States,42.49,8163.0
2020-10-15,Tetris,Mock Connection - mopub.com,Brazil,5.26,598.0
2020-10-15,Tetris,Mock Connection - mopub.com,Canada,15.72,607.0
2020-10-15,Tetris,Mock Connection - mopub.com,Denmark,30.540000000000003,5629.0
2020-10-15,Tetris,Mock Connection - mopub.com,Germany,15.650000000000002,3374.0
2020-10-15,Tetris,Mock Connection - mopub.com,Japan,14.989999999999998,3787.0
2020-10-15,Tetris,Mock Connection - mopub.com,United States,17.310000000000002,4535.0
2020-10-15,Tetris,Mock Connection - vungle.com,Brazil,13.48,1223.0
2020-10-15,Tetris,Mock Connection - vungle.com,Canada,25.47,901.0
2020-10-15,Tetris,Mock Connection - vungle.com,Denmark,24.9,5718.0
2020-10-15,Tetris,Mock Connection - vungle.com,Germany,15.82,3834.0
2020-10-15,Tetris,Mock Connection - vungle.com,Japan,23.07,5128.0
2020-10-15,Tetris,Mock Connection - vungle.com,United States,19.03,4066.0
